Bin,CE
0,0.0
19,0.0
20,13.812250052272464
120,50.059838233286236
200,55.059838233286236
